Fund Name,P1,P2,P3,P4,Topsis Score,Rank
M1,1,2,3,4,0.46331407981631195,3.0
M2,4,3,2,1,0.5381343473363291,2.0
M3,2,3,4,5,0.5988989723111354,1.0
M4,3,2,5,1,0.3184817835917496,4.0
